Gender,Percent_SSC,Board_SSC,Percent_HSC,Board_HSC,Stream_HSC,Percent_Degree,Course_Degree,Experience_Yrs,Entrance_Test,Percentile_ET,Percent_MBA,Specialization_MBA,Marks_Communication,Marks_Projectwork,Marks_BOCA,Placement
M,62,Others,88,Others,Commerce,52,Science,0,MAT,55,58.8,Marketing & HR,50,65,74,Placed
M,76.33,ICSE,75.33,Others,Science,75.48,Computer Applications,1,MAT,86.5,66.28,Marketing & Finance,69,70,75,Placed
M,72,Others,78,Others,Commerce,66.63,Engineering,0,,0,52.91,Marketing & Finance,50,61,59,Placed
M,60,CBSE,63,CBSE,Arts,58,Management,0,MAT,75,57.8,Marketing & Finance,54,66,62,Placed
M,61,CBSE,55,ISC,Science,54,Engineering,1,MAT,66,59.43,Marketing & HR,52,65,67,Placed
M,55,ICSE,64,CBSE,Commerce,50,Commerce,0,,0,56.81,Marketing & Finance,53,70,53,Placed
F,70,Others,54,Others,Science,65,Others,2,,0,59.8,Marketing & HR,63,56,50,Placed
M,68,ICSE,77,ISC,Commerce,72.5,Management,0,MAT,43.12,57.23,Marketing & Finance,74,72,50,Placed
M,82.8,CBSE,70.6,CBSE,Commerce,69.3,Commerce,0,MAT,96.8,55.5,Marketing & Finance,65,76,70,Placed
F,59,CBSE,74,CBSE,Arts,59,Management,1,,0,63.83,Marketing & HR,50,59,77,Placed
F,79.6,Others,87,ISC,Commerce,72.35,Management,0,K-MAT,98.69,69.78,Marketing & HR,71,67,60,Not Placed
M,58,Others,59,Others,Commerce,48,Commerce,0,MAT,79,54.01,Marketing & Finance,54,78,54,Placed
M,60,Others,52.8,Others,Science,73.25,Computer Applications,1,MAT,55,51.58,Marketing & Finance,53,52,58,Placed
M,66,CBSE,66.33,CBSE,Commerce,66.72,Commerce,0,,0,66.92,Marketing & Finance,70,73,64,Placed
M,83,Others,51,Others,Science,51,Engineering,0,CAT,33,58.21,Marketing & HR,50,68,63,Placed
F,49,Others,52.2,Others,Commerce,85,Commerce,0,MAT,74.28,53.29,Marketing & Finance,50,65,74,Not Placed
M,68,Others,80,Others,Commerce,70,Commerce,0,,0,58.94,Marketing & Finance,54,56,50,Placed
M,37.33,Others,47.4,Others,Commerce,35.5,Commerce,0,,0,54.78,Marketing & HR,50,57,50,Placed
M,79,CBSE,59,CBSE,Science,60,Science,1,MAT,67,62.14,Marketing & Finance,54,78,62,Placed
M,66,Others,46,Others,Commerce,65,Management,0,PGCET,0,54.65,Marketing & Finance,53,60,65,Not Placed
M,68.4,ICSE,85.6,ISC,Commerce,72,Commerce,1,CAT,70,63.26,Marketing & Finance,75,72,57,Placed
M,70,CBSE,76,CBSE,Commerce,68,Management,0,MAT,91.34,61.29,Marketing & Finance,63,63,75,Placed
M,59,CBSE,75,CBSE,Commerce,65,Management,0,MAT,35,62.51,Marketing & Finance,59,76,56,Placed
M,63,ICSE,78,ISC,Commerce,65,Management,0,MAT,54,52.21,Marketing & Finance,53,74,50,Placed
M,50,ICSE,53,CBSE,Commerce,54,Management,1,MAT,62,60.85,Marketing & HR,57,62,72,Placed
M,69,Others,75,CBSE,Commerce,49,Commerce,1,MAT,75,60.77,Marketing & Finance,61,73,62,Placed
M,52,Others,54,Others,Commerce,58,Management,0,,0,51.75,Marketing & HR,53,51,50,Placed
M,49,Others,55,Others,Science,57,Science,1,MAT,49,58.56,Marketing & Finance,50,59,55,Placed
M,64.6,CBSE,63.4,CBSE,Commerce,76.3,Commerce,1,MAT,60,63.7,Marketing & Finance,71,69,70,Placed
F,50,CBSE,60,Others,Science,71,Management,0,MAT,62,65.04,Marketing & HR,55,61,59,Placed
F,74,ICSE,84,ISC,Commerce,53,Commerce,0,MAT,68,68.63,Marketing & Finance,71,86,54,Placed
M,58,CBSE,70,Others,Science,67.75,Engineering,1,,0,57.68,Marketing & Finance,67,74,53,Placed
M,67,CBSE,50,CBSE,Commerce,52,Commerce,0,MAT,76,54.96,Marketing & HR,50,63,59,Placed
F,75,Others,77,Others,Commerce,73,Management,0,MAT,48,64.19,Marketing & HR,58,57,80,Placed
F,60,CBSE,72,CBSE,Commerce,65,Management,1,MAT,72,64.66,Marketing & Finance,57,74,81,Placed
M,55,CBSE,61.2,CBSE,Commerce,59.6,Management,1,MAT,60,62.54,Marketing & Finance,67,66,58,Placed
M,78,Others,52,ISC,Science,66,Management,1,K-MAT,79,52.41,Marketing & IB,53,57,54,Placed
M,50.08,Others,48.5,Others,Commerce,51.61,Commerce,1,PGCET,0,56.61,Marketing & HR,50,71,59,Placed
M,56,Others,54,Others,Science,59,Management,0,CAT,70,61.83,Marketing & HR,54,71,68,Placed
F,60,CBSE,75,CBSE,Commerce,68,Commerce,1,MAT,60,67.28,Marketing & Finance,58,71,65,Not Placed
F,68,CBSE,74,CBSE,Commerce,70,Management,2,MAT,68,64.08,Marketing & HR,63,79,77,Placed
F,40,CBSE,40,Others,Commerce,51,Management,0,PGCET,49,51.75,Marketing & Finance,50,59,53,Not Placed
M,77.12,Others,85,Others,Commerce,56.77,Management,0,CAT,35,56.34,Marketing & IB,56,66,58,Not Placed
M,52,Others,62,Others,Arts,66,Management,1,MAT,50.48,77.89,Marketing & Finance,82,80,68,Placed
M,54,Others,60,Others,Commerce,60,Commerce,0,MAT,50,56.7,Marketing & HR,55,69,59,Placed
M,52,CBSE,51,Others,Science,62,Management,1,,0,57.74,Marketing & HR,58,64,52,Placed
F,76,Others,73,Others,Commerce,83,Commerce,0,MAT,95,69.06,Marketing & Finance,78,73,80,Placed
F,64.8,Others,52.8,Others,Science,68.23,Engineering,0,MAT,55.53,68.81,Marketing & IB,68,63,60,Placed
F,74.4,Others,52,Others,Science,58.74,Science,1,MAT,92,63.62,Marketing & Finance,62,87,73,Placed
M,74.5,CBSE,58,CBSE,Science,58,Management,0,,0,53.42,Marketing & IB,56,60,56,Placed
M,73.5,Others,94.7,Others,Science,76.86,Engineering,0,MAT,97.4,74.01,Marketing & Finance,60,69,82,Placed
F,57.58,Others,59.6,CBSE,Commerce,50.2,Commerce,1,MAT,76,65.33,Marketing & Finance,65,75,69,Placed
F,68,CBSE,69,CBSE,Commerce,40,Commerce,0,MAT,74,62.8,Marketing & HR,55,59,82,Placed
M,69,Others,51,Others,Science,59,Management,1,,0,58.53,Marketing & HR,53,66,55,Placed
M,66,Others,76,Others,Commerce,60,Management,1,MAT,94,57.55,Marketing & Finance,51,60,71,Placed
M,60.8,Others,71.83,Others,Commerce,62.41,Commerce,0,CAT,41.38,60.76,Marketing & Finance,53,73,78,Placed
M,58,Others,62,Others,Commerce,62,Management,0,MAT,68,57.69,Marketing & HR,54,70,58,Placed
M,73.76,Others,73.5,Others,Commerce,63.5,Management,2,MAT,73.35,64.15,Marketing & Finance,68,78,65,Placed
M,70,CBSE,75,CBSE,Commerce,60,Commerce,0,MAT,77,51.29,Marketing & Finance,60,56,52,Not Placed
F,59,CBSE,68.5,CBSE,Commerce,69,Management,0,MAT,52,56.7,Marketing & HR,58,63,50,Placed
F,75,CBSE,58,CBSE,Science,69,Science,0,MAT,64,58.32,Marketing & HR,62,64,50,Placed
F,56,ICSE,78,ISC,Commerce,62.4,Management,0,MAT,50.89,62.21,Marketing & HR,57,70,60,Placed
M,52,CBSE,57,CBSE,Commerce,47,Management,1,MAT,83,57.61,Marketing & Finance,50,74,74,Placed
M,53,Others,55,Others,Commerce,42,Commerce,0,,0,52.56,Marketing & Finance,50,73,50,Not Placed
F,84,Others,60,Others,Science,79,Management,1,MAT,88,72.78,Marketing & Finance,73,83,77,Placed
M,67,Others,54,Others,Science,54,Arts,1,MAT,68.44,62.77,Marketing & HR,59,68,60,Placed
F,64,CBSE,75,CBSE,Commerce,70,Commerce,0,MAT,71,62.74,Marketing & HR,63,71,62,Placed
M,54,CBSE,47,CBSE,Commerce,59,Management,0,MAT,64,51.45,Marketing & Finance,64,63,56,Not Placed
M,82.6,CBSE,64,CBSE,Science,56,Management,1,PGCET,0,68.85,Marketing & Finance,71,76,60,Placed
F,76,CBSE,73,CBSE,Science,59.6,Engineering,0,MAT,58,55.47,Marketing & HR,58,59,58,Placed
F,70,Others,50,Others,Science,60,Management,0,MAT,53.7,56.86,Marketing & HR,53,63,56,Placed
M,78,Others,63,Others,Science,58,Engineering,0,MAT,93,62.56,Marketing & Finance,58,67,70,Placed
F,75,ICSE,74,Others,Commerce,78,Commerce,0,MAT,60,66.72,Marketing & Finance,71,69,67,Placed
F,82,Others,68.16,Others,Commerce,71,Management,2,MAT,65,69.76,Marketing & HR,67,70,79,Placed
M,52,Others,42,CBSE,Science,69,Others,0,MAT,63,51.21,Marketing & Finance,51,50,50,Not Placed
M,84,Others,84,Others,Commerce,64,Commerce,0,MAT,95,62.9,Marketing & HR,68,59,72,Placed
F,74,Others,68,Others,Commerce,79,Management,1,MAT,89,69.7,Marketing & Finance,68,77,76,Placed
F,84,CBSE,72,CBSE,Science,78,Science,0,MAT,58,66.53,Marketing & HR,71,58,50,Placed
F,78.89,Others,79.98,Others,Science,71.6,Management,0,MAT,68,71.63,Marketing & HR,71,76,64,Not Placed
M,55,ICSE,52,ISC,Commerce,51,Management,1,MAT,78,54.55,Marketing & Finance,50,75,51,Placed
M,58,Others,54,Others,Commerce,64,Management,0,MAT,64,62.46,Marketing & Finance,50,71,60,Placed
F,53,Others,40,Others,Arts,54,Arts,1,MAT,65,56.11,Marketing & HR,54,66,75,Not Placed
F,72.2,CBSE,70.2,CBSE,Science,64.4,Management,0,MAT,65,62.98,Marketing & HR,52,58,75,Placed
M,56.4,Others,66.83,Others,Commerce,48.42,Commerce,0,MAT,97.33,62.27,Marketing & Finance,72,80,65,Placed
M,59.4,CBSE,66.12,CBSE,Commerce,58.2,Management,0,MAT,67,62.65,Marketing & HR,54,65,53,Placed
F,46,CBSE,62,CBSE,Commerce,58,Management,0,,0,57.83,Marketing & Finance,54,78,65,Placed
F,65,CBSE,78,Others,Commerce,75,Commerce,1,CAT,53,60.91,Marketing & Finance,56,73,69,Placed
M,75,Others,65,Others,Science,59,Computer Applications,1,,0,56.19,Marketing & Finance,57,50,71,Not Placed
F,43.89,Others,48.83,Others,Commerce,55,Commerce,2,MAT,71.2,65.49,Marketing & HR,66,74,53,Not Placed
M,77,Others,65,Others,Science,70,Science,0,MAT,87,71.04,Marketing & HR,70,73,84,Placed
F,71,ICSE,52,Others,Science,65,Management,0,MAT,78,65.56,Marketing & HR,66,84,77,Placed
M,55.4,CBSE,61.6,Others,Science,59,Management,0,MAT,71,52.71,Marketing & HR,56,67,52,Placed
M,58,ICSE,59,ISC,Commerce,56,Management,0,,0,55.1,Marketing & Finance,50,57,50,Placed
M,40.5,Others,60.14,Others,Commerce,52.37,Commerce,1,MAT,42.26,61.31,Marketing & Finance,56,64,61,Not Placed
M,68,Others,68,Others,Science,70,Engineering,0,CAT,68,67.31,Marketing & Finance,53,76,78,Placed
M,55,Others,66.4,Others,Commerce,55.4,Commerce,0,MAT,68,66.88,Marketing & Finance,55,70,62,Placed
M,63,ICSE,73,ISC,Commerce,72,Commerce,0,MAT,80,63.59,Marketing & Finance,60,72,58,Placed
M,58,ICSE,78,ISC,Commerce,63,Commerce,0,,0,60.29,Marketing & Finance,54,62,53,Not Placed
M,69,CBSE,54,Others,Science,64,Management,0,MAT,74,57.99,Marketing & Finance,50,66,60,Placed
F,50,CBSE,69,CBSE,Commerce,42,Arts,0,,0,56.45,Marketing & HR,50,72,57,Not Placed
M,44.6,CBSE,60.58,Others,Science,68.11,Computer Applications,0,MAT,57.6,56.66,Marketing & Finance,54,63,62,Placed
M,69,CBSE,65,CBSE,Science,68,Management,1,MAT,60,57.24,Marketing & Finance,50,67,51,Placed
M,77.44,Others,77.83,Others,Commerce,71,Management,0,,0,67.53,Marketing & Finance,60,76,77,Placed
M,81.2,CBSE,70.4,CBSE,Commerce,62.89,Commerce,0,MAT,61.6,62.48,Marketing & Finance,60,77,62,Placed
F,83.5,Others,59.2,Others,Science,63.4,Science,0,MAT,59,59.69,Marketing & Finance,62,79,71,Placed
M,53.44,Others,51.66,Others,Commerce,57,Commerce,0,,0,52.82,Marketing & Finance,54,53,50,Placed
M,79,CBSE,65,CBSE,Commerce,65,Management,0,MAT,44.56,64.75,Marketing & Finance,64,67,66,Placed
M,50,ICSE,64,Others,Commerce,50,Commerce,0,CAT,13,57.76,Marketing & Finance,50,76,50,Placed
M,52.5,Others,53.4,Others,Commerce,55.21,Management,1,,0,72,Marketing & Finance,73,79,55,Not Placed
M,47.5,Others,59,Others,Arts,54.5,Arts,1,,0,52.43,Marketing & Finance,54,64,56,Placed
M,73.4,Others,75,Others,Science,64.38,Management,1,CAT,78,76.72,Marketing & HR,87,79,65,Placed
F,44,CBSE,51,CBSE,Commerce,45,Commerce,0,,0,54.76,Marketing & Finance,50,76,66,Not Placed
F,82.3,Others,73,Others,Science,72.3,Science,1,,0,69.35,Marketing & Finance,74,68,84,Placed
M,66,Others,78,Others,Commerce,70,Management,0,MAT,68.5,59.5,Marketing & HR,71,64,59,Placed
F,68,Others,79,Others,Science,64,Engineering,0,,0,62.89,Marketing & HR,52,61,69,Placed
M,77,Others,68,Others,Commerce,73,Commerce,0,MAT,61,58.78,Marketing & Finance,52,68,74,Placed
M,59,Others,50,Others,Science,59,Management,0,MAT,89.69,57.1,Marketing & HR,55,63,59,Placed
M,65,CBSE,57,CBSE,Commerce,57,Commerce,0,,0,59.1,Marketing & Finance,54,59,61,Placed
M,80,Others,69,Others,Science,62,Management,0,MAT,68.92,58.46,Marketing & HR,56,64,71,Placed
M,77.92,Others,75.5,Others,Commerce,63,Commerce,0,MAT,68.71,60.99,Marketing & Finance,67,77,60,Placed
F,77.7,CBSE,50,CBSE,Commerce,78.7,Computer Applications,0,MAT,79,59.24,Marketing & HR,58,64,74,Placed
M,70,ICSE,68,ISC,Science,62,Engineering,1,MAT,70,68.07,Marketing & Finance,66,64,73,Placed
M,73,Others,48,Others,Science,56,Commerce,0,,0,60.03,Marketing & HR,50,73,58,Placed
M,44,Others,72,Others,Commerce,59,Management,0,MAT,41,58.75,Marketing & IB,50,58,57,Placed
M,70.08,Others,65.83,Others,Commerce,74.53,Management,0,,0,69.81,Marketing & Finance,56,68,70,Placed
M,79,Others,53,Others,Science,56,Engineering,0,MAT,89,65.45,Marketing & Finance,78,73,68,Placed
M,56,CBSE,47,CBSE,Science,61.17,Management,0,MAT,46.92,62.4,Marketing & Finance,60,66,56,Placed
F,80.32,Others,76.83,Others,Commerce,76.3,Management,0,MAT,47.31,71.15,Marketing & Finance,74,79,66,Not Placed
M,55,Others,74.67,Others,Arts,59,Computer Applications,2,GCET,50,60.43,Marketing & Finance,51,69,80,Placed
M,53.43,Others,64.93,Others,Commerce,53,Management,1,GCET,40,60.76,Marketing & Finance,51,73,66,Placed
M,72,Others,65.29,Others,Commerce,67,Management,0,MAT,95,66.94,Marketing & Finance,65,73,81,Placed
M,81.86,Others,62,Others,Science,76,Management,0,MAT,95.5,68.53,Marketing & Finance,54,67,77,Placed
F,73,Others,74,Others,Science,56,Management,0,K-MAT,96,61.41,Marketing & Finance,69,68,70,Placed
M,59.6,CBSE,80.83,Others,Commerce,67.72,Commerce,0,MAT,86,59.75,Marketing & Finance,54,68,60,Placed
M,78,Others,78,Others,Science,51,Science,0,,0,55.02,Marketing & Finance,54,56,50,Placed
M,48.6,CBSE,59.8,CBSE,Commerce,66.2,Management,0,MAT,84.27,67.2,Marketing & Finance,52,70,71,Placed
F,64,ICSE,70,Others,Commerce,83.5,Commerce,0,MAT,74,67,Marketing & HR,66,64,64,Placed
F,61.5,Others,65.4,CBSE,Arts,67.93,Management,0,MAT,61,64.27,Marketing & Finance,69,69,61,Placed
M,60.4,ICSE,51.8,ISC,Commerce,74.8,Commerce,0,K-MAT,94.3,51.24,Marketing & Finance,53,50,50,Placed
M,59,Others,77,Others,Science,59,Engineering,1,MAT,69,57.65,Marketing & Finance,57,79,62,Placed
M,81,Others,87.9,Others,Science,58.5,Engineering,0,MAT,86.04,59.42,Marketing & Finance,50,67,58,Placed
F,77,CBSE,70,CBSE,Science,72,Computer Applications,0,MAT,75,67.99,Marketing & HR,76,64,71,Placed
F,64,Others,57,Others,Commerce,65,Management,1,MAT,67,62.35,Marketing & HR,56,67,52,Placed
F,61,Others,49,Others,Science,63,Computer Applications,0,K-MAT,43.5,67.13,Marketing & HR,59,68,63,Not Placed
F,52,Others,59,Others,Arts,38,Arts,1,MAT,40,62.01,Marketing & HR,52,69,64,Placed
M,78.7,Others,55,Others,Science,63,Management,1,MAT,86,70.2,Marketing & Finance,66,64,75,Placed
M,68,CBSE,75,CBSE,Commerce,80,Management,0,MAT,82,60.44,Marketing & Finance,65,77,57,Placed
M,81,Others,76,Others,Science,64,Computer Applications,1,MAT,84,66.69,Marketing & Finance,66,69,58,Placed
M,55,Others,52,Others,Commerce,54.2,Management,0,CAT,20,55.83,Marketing & Finance,54,63,68,Not Placed
M,59,Others,58,Others,Commerce,59,Management,0,G-MAT,0,59.81,Marketing & HR,53,66,78,Placed
M,58,CBSE,75,Others,Science,68,Engineering,1,,0,55.6,Marketing & Finance,53,75,52,Placed
M,65,CBSE,58,Others,Science,66,Science,2,MAT,55,62,Marketing & Finance,55,71,75,Placed
F,80.84,Others,86.83,Others,Commerce,75.2,Management,1,MAT,78.74,76.18,Marketing & Finance,69,84,82,Placed
M,54,Others,55,Others,Commerce,58,Management,0,MAT,67,57.03,Marketing & Finance,58,72,57,Placed
M,64.6,ICSE,54,CBSE,Science,64,Others,0,MAT,75,59.08,Marketing & HR,59,67,62,Placed
M,46,Others,41,Others,Commerce,43,Commerce,1,MAT,64,58.85,Marketing & Finance,52,73,67,Placed
F,61,CBSE,54,CBSE,Commerce,69,Management,0,MAT,58,64.36,Marketing & HR,60,63,71,Placed
F,81,Others,72,Others,Science,65,Computer Applications,1,MAT,62,62.36,Marketing & HR,68,75,79,Placed
F,82,Others,87,Others,Commerce,80,Commerce,0,MAT,92,68.03,Marketing & Finance,76,69,74,Placed
F,78.7,Others,71,Others,Commerce,49,Commerce,0,MAT,92,66.86,Marketing & Finance,60,50,77,Placed
M,57,ICSE,62,ISC,Commerce,52.8,Commerce,1,MAT,67,62.79,Marketing & HR,63,66,74,Placed
M,54.16,ICSE,57.4,ISC,Commerce,54.52,Management,1,MAT,22.95,58,Marketing & Finance,55,62,65,Not Placed
F,55.23,CBSE,64,CBSE,Science,60,Management,0,MAT,72,59.47,Marketing & Finance,54,73,63,Placed
M,48,Others,50,Others,Commerce,53,Management,1,MAT,47.41,64.63,Marketing & HR,69,75,51,Placed
M,59,Others,64,ISC,Commerce,63,Management,0,CAT,29,53.57,Marketing & HR,55,73,63,Placed
M,55,CBSE,70,CBSE,Commerce,56,Commerce,0,MAT,72,55.41,Marketing & HR,59,64,63,Not Placed
M,75.66,ICSE,71.5,Others,Commerce,58.35,Commerce,0,CAT,56.39,66.5,Marketing & Finance,74,69,56,Placed
M,50,CBSE,57,CBSE,Commerce,58,Commerce,0,MAT,53.88,54.97,Marketing & Finance,62,64,64,Placed
M,59,CBSE,62,CBSE,Commerce,50,Commerce,0,CAT,79,56.51,Marketing & Finance,58,61,50,Placed
M,68,CBSE,75,Others,Commerce,61,Commerce,2,MAT,95.46,62.16,Marketing & Finance,62,72,73,Placed
M,40.53,Others,64.75,Others,Commerce,54.35,Commerce,1,,0,54.35,Marketing & Finance,52,73,67,Placed
F,73,CBSE,65,CBSE,Science,74,Management,1,MAT,66,64.44,Marketing & Finance,62,77,96,Placed
F,78.5,ICSE,70.5,Others,Commerce,65,Commerce,0,MAT,93.91,69.03,Marketing & Finance,70,73,80,Placed
F,64,CBSE,70,CBSE,Commerce,59,Commerce,0,MAT,70,57.31,Marketing & Finance,55,72,55,Placed
M,59,ICSE,90,Others,Commerce,67,Computer Applications,0,MAT,50,59.47,Marketing & Finance,63,77,66,Not Placed
F,48,Others,62,Others,Commerce,62,Management,1,MAT,56.39,64.95,Marketing & HR,72,66,64,Not Placed
M,58,CBSE,67,CBSE,Commerce,64,Commerce,0,MAT,78,60.44,Marketing & HR,54,70,60,Placed
M,52,CBSE,55,CBSE,Science,68,Others,1,,0,59.99,Marketing & HR,50,64,64,Placed
F,74,Others,53,Others,Commerce,64,Management,2,MAT,57.5,61.31,Marketing & Finance,62,73,54,Placed
F,65,Others,68,Others,Commerce,55,Commerce,1,K-MAT,67,55.42,Marketing & Finance,56,75,52,Placed
M,47,Others,52,Others,Science,60,Management,0,K-MAT,58,63.39,Marketing & HR,62,64,57,Placed
M,70,CBSE,75,CBSE,Science,71,Science,1,MAT,85,65.83,Marketing & HR,63,64,79,Placed
M,64,CBSE,55,Others,Science,59,Management,1,MAT,55,58.23,Marketing & HR,59,72,68,Placed
M,64,ICSE,69,Others,Science,60,Engineering,0,MAT,85,55.3,Marketing & HR,54,64,57,Not Placed
M,66.08,Others,53,Others,Science,56,Engineering,0,MAT,71,65.69,Marketing & Finance,58,75,73,Placed
F,77,ICSE,79,ISC,Commerce,86.7,Management,1,K-MAT,95,67.83,Marketing & Finance,75,79,75,Placed
M,79,Others,87,Others,Commerce,81,Management,0,MAT,80,73.52,Marketing & HR,71,64,71,Placed
M,56,CBSE,79,CBSE,Commerce,65,Management,0,MAT,84,58.31,Marketing & Finance,50,64,72,Placed
M,59,ICSE,60,ISC,Commerce,62,Management,1,,0,53.37,Marketing & HR,52,50,50,Placed
M,53.3,CBSE,57.5,ISC,Commerce,59.7,Management,0,,0,56.11,Marketing & HR,57,70,71,Placed
M,55,ICSE,68,Others,Science,71,Science,1,MAT,86,56.09,Marketing & HR,58,65,58,Not Placed
M,70,Others,68,Others,Commerce,68,Commerce,0,,0,63.36,Marketing & Finance,66,70,65,Placed
F,64.5,CBSE,65,ISC,Science,68,Computer Applications,0,MAT,57.2,54.8,Marketing & HR,61,75,50,Placed
M,56,Others,59,Others,Science,65,Science,2,MAT,60,60.64,Marketing & HR,54,62,74,Not Placed
M,50,Others,53,Others,Commerce,55,Management,0,MAT,58,53.94,Marketing & HR,50,70,55,Placed
F,68.96,Others,76,Others,Commerce,63,Management,0,MAT,72.15,63.08,Marketing & Finance,79,66,54,Placed
M,60,CBSE,63,Others,Science,65,Management,0,MAT,53.7,55.01,Marketing & HR,50,64,60,Placed
F,70,Others,55,Others,Science,62,Management,0,MAT,89,60.5,Marketing & Finance,50,79,70,Placed
M,48,Others,54,Others,Science,58,Management,0,MAT,39,52.42,Marketing & HR,50,70,53,Placed
M,63.2,CBSE,67.8,CBSE,Commerce,62.6,Commerce,2,MAT,96,70.85,Marketing & Finance,53,76,72,Placed
M,74,Others,72,Others,Science,71,Science,0,MAT,80,67.05,Marketing & Finance,73,73,58,Placed
M,73,CBSE,77,CBSE,Science,76,Science,1,MAT,97,70.48,Marketing & HR,66,62,78,Placed
M,52.8,CBSE,63.4,CBSE,Commerce,58.6,Management,2,MAT,82.66,64.34,Marketing & Finance,58,74,68,Placed
M,63,Others,43,Others,Science,63,Management,0,MAT,73,58.81,Marketing & IB,59,60,55,Not Placed
F,59,ICSE,62,Others,Science,65.6,Engineering,3,MAT,55.67,71.49,Marketing & HR,80,77,58,Placed
M,71,ICSE,51,Others,Science,74,Computer Applications,1,PGCET,85,59.99,Marketing & HR,65,79,73,Placed
F,53.44,Others,70,Others,Arts,70,Management,0,K-MAT,14.99,57.98,Marketing & Finance,56,77,61,Placed
F,61.5,ICSE,61.8,ISC,Arts,65.3,Management,2,MAT,80.4,71,Marketing & Finance,83,73,64,Placed
M,69,Others,51,Others,Commerce,69,Management,1,MAT,60,56.7,Marketing & HR,52,60,72,Placed
M,62,ICSE,66,CBSE,Science,60.33,Arts,1,MAT,64,61.26,Marketing & HR,53,56,80,Placed
F,81,CBSE,68,CBSE,Commerce,69,Management,0,MAT,75,73.33,Marketing & Finance,82,67,61,Placed
M,56.5,Others,61,Others,Commerce,60,Management,1,,0,59.5,Marketing & HR,52,69,67,Placed
F,76,Others,56,Others,Science,73.5,Engineering,1,MAT,70,68.2,Marketing & Finance,55,76,61,Placed
F,67,Others,52,Others,Science,65,Management,0,MAT,55.5,58.4,Marketing & HR,57,74,60,Placed
M,77.4,ICSE,68.4,ISC,Science,75.72,Science,1,MAT,81.2,76.26,Marketing & HR,83,75,79,Placed
M,84.2,CBSE,67.8,CBSE,Science,55,Engineering,1,K-MAT,84,70.71,Marketing & IB,72,63,70,Placed
M,54,Others,52,Others,Science,62,Science,2,K-MAT,86,61.79,Marketing & HR,67,79,68,Placed
M,73.7,ICSE,86.7,Others,Commerce,60,Commerce,1,MAT,90,68.55,Marketing & Finance,58,81,78,Placed
M,65.92,Others,52.5,Others,Science,63.26,Management,0,K-MAT,89.95,67.54,Marketing & HR,81,71,62,Placed
M,70,CBSE,73,Others,Commerce,64,Management,0,MAT,84,64.15,Marketing & Finance,52,62,53,Not Placed
M,73,CBSE,50,Others,Science,68,Computer Applications,1,CAT,65,69.94,Marketing & HR,69,70,76,Placed
F,69.9,Others,49,Others,Science,56,Arts,1,MAT,80,60.78,Marketing & Finance,62,76,51,Placed
M,62,Others,63,Others,Commerce,58,Commerce,1,MAT,74.4,53.49,Marketing & HR,60,67,61,Placed
F,87,ICSE,87,Others,Commerce,76,Management,1,,0,73.87,Marketing & Finance,77,74,69,Placed
M,68,CBSE,59,Others,Commerce,75,Management,1,MAT,65,60.98,Marketing & HR,55,69,58,Placed
F,80.32,Others,55,Others,Science,50,Engineering,0,PGCET,0,62.29,Marketing & IB,67,70,76,Not Placed
F,74.44,ICSE,89,Others,Commerce,70,Commerce,1,MAT,94,67.13,Marketing & Finance,70,69,63,Placed
F,56,ICSE,72,ISC,Commerce,72,Commerce,0,MAT,43,58.73,Marketing & Finance,58,73,61,Placed
F,67,CBSE,48,Others,Science,65,Management,0,MAT,55.6,65.63,Marketing & HR,66,78,62,Placed
F,50,CBSE,64,CBSE,Arts,68,Management,1,MAT,78,61.58,Marketing & Finance,54,66,75,Placed
F,64,Others,68,Others,Science,61,Engineering,0,MAT,24.38,62.83,Marketing & HR,57,75,54,Not Placed
M,66.3,Others,83.5,Others,Science,70,Science,0,CAT,65,60.95,Marketing & Finance,52,76,62,Placed
M,62,Others,55,CBSE,Commerce,70,Commerce,0,MAT,56,60.41,Marketing & HR,53,76,54,Placed
F,58.8,Others,45,Others,Science,57.7,Management,1,,0,60,Marketing & HR,57,71,59,Placed
F,79,Others,59,Others,Science,71,Engineering,1,MAT,96,71.77,Marketing & Finance,68,72,79,Placed
F,49.8,CBSE,51.2,CBSE,Commerce,46.22,Commerce,2,,0,57.32,Marketing & Finance,50,79,79,Not Placed
M,74,CBSE,65,CBSE,Commerce,53,Management,1,MAT,58,54.43,Marketing & Finance,50,70,54,Placed
M,60,ICSE,59.5,ISC,Commerce,65.5,Commerce,1,,0,57.24,Marketing & Finance,50,65,78,Placed
M,60,ICSE,59.8,Others,Commerce,65.5,Commerce,1,MAT,56,56.94,Marketing & Finance,57,65,50,Placed
M,74,CBSE,69,CBSE,Science,64,Management,1,MAT,60,61.9,Marketing & HR,59,75,79,Not Placed
M,61,ICSE,50,ISC,Science,62,Science,2,,0,61.22,Marketing & HR,52,61,80,Not Placed
M,82,ICSE,52,Others,Science,71.43,Science,1,MAT,60,61.29,Marketing & Finance,66,56,57,Placed
M,74.67,Others,59.89,Others,Commerce,66.67,Management,0,MAT,89,60.39,Marketing & Finance,52,65,60,Placed
M,54,Others,54,Others,Science,59,Management,0,MAT,39,51.73,Marketing & HR,50,68,50,Placed
M,59,ICSE,57,ISC,Commerce,55,Commerce,3,K-MAT,65,59.54,Marketing & Finance,55,76,62,Placed
M,57,CBSE,62.4,CBSE,Commerce,48,Commerce,1,MAT,66.6,56.75,Marketing & Finance,52,71,69,Placed
M,67.7,Others,54,Others,Science,59,Management,0,MAT,40,58.95,Marketing & HR,53,60,58,Placed
M,55,Others,53,Others,Arts,65,Management,0,MAT,60,58.52,Marketing & Finance,54,75,50,Not Placed
M,86.4,Others,60.66,Others,Science,67.25,Computer Applications,0,MAT,72,63.23,Marketing & HR,63,69,69,Placed
M,54,ICSE,58,Others,Science,62,Management,0,MAT,85,55.14,Marketing & HR,50,57,55,Placed
M,65,ICSE,71,ISC,Commerce,61,Commerce,0,MAT,83,62.28,Marketing & Finance,52,70,79,Placed
M,54,CBSE,59.2,CBSE,Commerce,49.2,Commerce,0,,0,52.32,Marketing & Finance,52,64,50,Not Placed
F,74,ICSE,83,ISC,Arts,50,Arts,0,MAT,57,64.08,Marketing & Finance,66,63,81,Placed
M,47,CBSE,63,CBSE,Arts,57,Management,2,MAT,64.25,58.54,Marketing & HR,54,62,52,Placed
M,58,Others,54.5,Others,Commerce,49.85,Commerce,0,,0,62.89,Marketing & Finance,55,67,73,Placed
M,62,Others,60,Others,Science,62,Computer Applications,1,MAT,40,55.67,Marketing & HR,53,68,62,Placed
F,78.94,Others,77.83,Others,Commerce,77,Commerce,3,,0,68.55,Marketing & HR,69,76,84,Placed
M,54.07,Others,70.33,Others,Commerce,59,Commerce,1,MAT,48.38,55.87,Marketing & HR,58,56,54,Not Placed
M,66,ICSE,50.66,CBSE,Science,52,Engineering,1,MAT,56,61.3,Marketing & Finance,71,60,66,Placed
M,60,CBSE,60,CBSE,Commerce,73,Commerce,0,MAT,83,58.87,Marketing & Finance,55,74,68,Placed
F,72.4,Others,55.5,CBSE,Science,82,Computer Applications,0,MAT,98,65.25,Marketing & Finance,67,75,76,Placed
M,80,Others,80,Others,Commerce,64,Management,1,,0,69.08,Marketing & Finance,70,74,73,Placed
M,41,Others,51,Others,Science,61,Computer Applications,1,MAT,86,62.48,Marketing & Finance,59,72,75,Placed
M,45,CBSE,55,Others,Science,54,Management,1,MAT,70,53.2,Marketing & Finance,53,62,53,Placed
M,62,CBSE,64.3,CBSE,Commerce,66,Management,0,,0,59.84,Marketing & HR,55,59,63,Placed
M,56.57,Others,82.66,Others,Commerce,63.9,Commerce,1,MAT,56.15,65.99,Marketing & HR,69,58,64,Not Placed
M,81.2,CBSE,64.4,CBSE,Science,59,Engineering,1,MAT,80,52.72,Marketing & HR,62,67,65,Placed
M,61.5,ICSE,57.5,ISC,Commerce,54.9,Management,0,MAT,93.4,55.03,Marketing & Finance,51,50,77,Placed
M,75,Others,68,Others,Science,68,Computer Applications,0,MAT,60,61.87,Marketing & Finance,61,67,65,Not Placed
M,57,ICSE,52,Others,Commerce,62,Management,0,MAT,62,60.59,Marketing & HR,52,71,73,Placed
M,84,CBSE,69,CBSE,Science,61,Engineering,2,MAT,75,72.29,Marketing & HR,83,62,66,Placed
M,61,CBSE,52,Others,Science,50,Commerce,1,,0,65.13,Marketing & Finance,65,70,66,Not Placed
M,55,Others,50,Others,Science,57,Management,0,MAT,49.7,59.71,Marketing & HR,64,74,54,Placed
F,72,ICSE,57.8,Others,Science,49.8,Management,1,,0,53.47,Marketing & HR,73,58,50,Placed
M,60.6,Others,54,Others,Commerce,59.5,Management,0,MAT,57.63,62.72,Marketing & HR,63,58,58,Placed
M,69.2,CBSE,84.6,Others,Commerce,75.25,Commerce,1,MAT,75.2,66.06,Marketing & Finance,66,74,55,Placed
M,63.33,Others,51,Others,Commerce,58.7,Commerce,2,,0,69.67,Marketing & Finance,62,65,81,Placed
M,58,Others,62,Others,Science,58,Engineering,0,MAT,75,66.46,Marketing & Finance,63,61,65,Placed
F,62.16,ICSE,67.5,ISC,Commerce,57.35,Commerce,0,MAT,53.04,65.52,Marketing & Finance,63,74,56,Placed
M,46,Others,58,Others,Commerce,49,Commerce,1,,0,56.78,Marketing & HR,56,75,70,Placed
F,60,CBSE,44,Others,Science,67,Management,0,,0,67.06,Marketing & HR,72,62,73,Placed
M,59,ICSE,81,Others,Commerce,70,Commerce,0,,0,71.86,Marketing & Finance,79,73,66,Placed
M,87.2,Others,67.5,Others,Science,60.31,Engineering,1,K-MAT,88,70.1,Marketing & HR,69,77,73,Placed
F,68.3,ICSE,86.33,Others,Commerce,80,Management,0,MAT,80,74.56,Marketing & Finance,71,74,77,Not Placed
M,55.84,ICSE,54,ISC,Arts,57,Management,1,PGCET,0,54.99,Marketing & HR,50,61,50,Not Placed
M,54,Others,54,Others,Commerce,54,Management,1,MAT,63,52.38,Marketing & HR,53,58,56,Placed
M,75.9,Others,70,Others,Science,73,Engineering,1,MAT,58.1,75.71,Marketing & Finance,70,74,71,Not Placed
M,77,CBSE,69.2,CBSE,Commerce,61,Commerce,0,,0,57.16,Marketing & HR,58,56,63,Not Placed
F,51,CBSE,56,CBSE,Commerce,62,Commerce,1,MAT,60,58.79,Marketing & HR,61,65,82,Not Placed
M,64.96,Others,45.16,Others,Science,65.26,Computer Applications,1,MAT,54.48,65.48,Marketing & HR,69,75,61,Not Placed
F,71.4,Others,75.2,Others,Commerce,64,Management,0,MAT,58.06,69.28,Marketing & HR,61,78,64,Not Placed
M,75,CBSE,60,CBSE,Science,69,Computer Applications,1,CAT,80,66.39,Marketing & Finance,60,71,68,Placed
M,77,Others,77,Others,Commerce,70,Commerce,1,MAT,63.79,66.04,Marketing & Finance,64,72,59,Placed
M,60,CBSE,80,Others,Commerce,84,Commerce,0,K-MAT,95.5,72.97,Marketing & HR,83,76,74,Placed
M,68,Others,50,Others,Commerce,50,Commerce,0,MAT,84,52.64,Marketing & HR,50,62,56,Placed
M,78,Others,73,Others,Commerce,68,Commerce,0,MAT,49,64.79,Marketing & Finance,73,70,73,Placed
F,55,Others,57,Others,Science,57,Science,1,MAT,67,59.32,Marketing & HR,50,67,59,Placed
F,67.67,ICSE,75,Others,Commerce,67.8,Commerce,0,MAT,49.94,67.44,Marketing & Finance,72,66,69,Not Placed
F,81,CBSE,81,CBSE,Commerce,82.2,Management,0,,0,66.9,Marketing & Finance,68,68,76,Placed
M,70.24,Others,42.83,Others,Science,60.27,Engineering,2,MAT,64,66.23,Marketing & Finance,65,82,79,Placed
M,68,Others,67,Others,Science,69,Engineering,0,MAT,87.5,60.69,Marketing & IB,61,71,57,Not Placed
F,51,CBSE,52,Others,Commerce,50,Management,0,MAT,55,57.9,Marketing & HR,66,69,77,Placed
M,60.6,CBSE,66.6,CBSE,Commerce,55.7,Management,0,K-MAT,76.2,58.67,Marketing & HR,54,66,57,Placed
F,70,ICSE,94,Others,Commerce,77,Commerce,2,MAT,89,70.81,Marketing & Finance,73,68,80,Placed
M,63,Others,48,Others,Science,64,Computer Applications,0,MAT,73,68.07,Marketing & HR,66,70,75,Placed
M,48,CBSE,63,CBSE,Commerce,59.7,Commerce,0,MAT,44.2,62,Marketing & Finance,52,69,75,Placed
F,85.8,CBSE,69,CBSE,Science,68.2,Engineering,0,MAT,75.5,72.14,Marketing & HR,74,78,69,Not Placed
M,60,CBSE,66.5,Others,Commerce,56.8,Management,1,MAT,57,56.6,Marketing & Finance,50,72,65,Placed
M,71,Others,59,CBSE,Commerce,63,Commerce,1,MAT,35,54.04,Marketing & HR,56,65,50,Placed
M,67,ICSE,65.33,Others,Science,68.21,Engineering,0,MAT,63,60.02,Marketing & HR,76,62,77,Not Placed
F,67,ICSE,71,Others,Commerce,65,Commerce,0,K-MAT,62,64.28,Marketing & HR,56,77,83,Placed
F,76,Others,50,Others,Science,75,Computer Applications,1,,0,66,Marketing & HR,60,66,75,Placed
F,69,Others,55,Others,Commerce,61,Commerce,1,XAT,74,68.68,Marketing & Finance,63,79,74,Placed
F,60,Others,57,Others,Science,60,Science,0,,0,59.15,Marketing & Finance,50,65,63,Placed
F,68,Others,48,Others,Science,72,Computer Applications,0,,0,63.83,Marketing & HR,58,64,81,Not Placed
M,52,CBSE,49,CBSE,Commerce,66,Commerce,0,PGCET,0,54.12,Marketing & IB,51,72,63,Placed
M,57,Others,73,Others,Arts,59,Arts,1,MAT,75,59.81,Marketing & Finance,53,67,62,Not Placed
F,37.3,Others,44.4,Others,Commerce,35,Commerce,0,,0,61.66,Marketing & Finance,62,66,69,Not Placed
M,60,CBSE,74,CBSE,Commerce,65,Management,0,MAT,60,61.82,Marketing & HR,57,72,50,Placed
M,78,Others,70,CBSE,Science,57,Engineering,1,,0,66.28,Marketing & HR,75,70,59,Placed
F,79.68,Others,63.5,Others,Science,60,Engineering,0,,0,67.96,Marketing & HR,64,64,79,Placed
F,61.28,Others,70.83,Others,Commerce,63.79,Management,0,MAT,60,57.29,Marketing & HR,54,67,69,Not Placed
F,85,ICSE,67,CBSE,Science,76,Arts,0,MAT,82,71.43,Marketing & HR,68,75,80,Placed
F,55,ICSE,69,ISC,Commerce,65,Commerce,0,MAT,55,62.93,Marketing & Finance,50,75,66,Not Placed
M,75.5,ICSE,60.5,ISC,Science,63,Engineering,1,MAT,95,64.86,Marketing & Finance,68,81,70,Placed
M,66.8,Others,50,Others,Commerce,56.38,Commerce,1,MAT,57,56.13,Marketing & Finance,50,69,69,Not Placed
F,77,Others,82,Others,Commerce,75,Commerce,0,CAT,60,66.63,Marketing & Finance,64,77,62,Placed
F,59,ICSE,85.6,Others,Commerce,75.2,Management,0,MAT,95.65,66.94,Marketing & Finance,73,66,63,Not Placed
M,65,ICSE,65,ISC,Science,75,Computer Applications,0,K-MAT,93,63.94,Marketing & HR,73,73,56,Not Placed
F,69,Others,78.2,CBSE,Commerce,65,Management,0,MAT,50,62.5,Marketing & Finance,65,63,59,Not Placed
F,84,Others,77,Others,Commerce,80,Commerce,0,,0,66.61,Marketing & Finance,70,77,83,Placed
M,63.68,Others,58.19,Others,Commerce,72.24,Commerce,0,MAT,36.56,66.18,Marketing & Finance,71,73,63,Not Placed
M,62,Others,53,ISC,Science,68,Management,0,MAT,72,61.01,Marketing & Finance,53,72,63,Placed
M,60.2,CBSE,56.4,CBSE,Commerce,58.8,Management,1,MAT,93.4,57.34,Marketing & Finance,60,68,57,Placed
F,52,CBSE,58,CBSE,Arts,50,Arts,2,MAT,80,56.63,Marketing & HR,51,70,67,Placed
M,57,Others,60,Others,Commerce,60.3,Management,0,MAT,59,64.74,Marketing & Finance,67,66,59,Not Placed
M,61,ICSE,73,ISC,Commerce,68,Commerce,1,MAT,84,58.95,Marketing & HR,50,59,59,Placed
M,56,ICSE,58,ISC,Commerce,67,Management,0,,0,65.28,Marketing & Finance,62,77,77,Not Placed
M,75,Others,56,Others,Commerce,53,Management,0,K-MAT,85,54.5,Marketing & Finance,52,50,50,Placed
M,67,Others,55,Others,Science,75.5,Computer Applications,1,MAT,78,54.48,Marketing & Finance,53,68,77,Placed
F,80.96,Others,45,Others,Science,89,Computer Applications,0,MAT,59.32,69.71,Marketing & HR,76,77,66,Placed
F,75,ICSE,78,ISC,Commerce,71,Others,2,MAT,88,71.96,Marketing & HR,66,77,78,Placed
F,61,ICSE,76,ISC,Arts,48,Arts,0,MAT,79,63.91,Marketing & HR,56,61,60,Placed
F,56,ICSE,74.6,ISC,Commerce,60.2,Commerce,2,,0,63.53,Marketing & Finance,65,76,80,Not Placed
M,64,Others,60,Others,Commerce,51,Management,0,MAT,73,55.8,Marketing & IB,56,57,53,Placed
M,64,Others,52,Others,Commerce,61,Management,0,MAT,87.55,52.81,Marketing & Finance,54,60,67,Placed
M,78,Others,47,Others,Science,53,Engineering,0,K-MAT,84,56.12,Marketing & Finance,60,66,68,Placed
M,74.81,ICSE,75.32,ISC,Commerce,48.23,Commerce,0,MAT,83,53.37,Marketing & Finance,54,60,53,Placed
F,66,ICSE,80,ISC,Commerce,64,Management,0,,0,62.95,Marketing & Finance,65,71,54,Placed
M,59.2,CBSE,68,Others,Science,60,Management,1,MAT,79,58.44,Marketing & HR,52,64,63,Not Placed
M,65,CBSE,55,ISC,Science,60,Science,0,MAT,61.28,60.11,Marketing & HR,62,72,65,Placed
F,84,ICSE,87,ISC,Commerce,75,Management,0,CAT,80,72.21,Marketing & Finance,79,67,64,Not Placed
M,47.68,Others,53.33,Others,Commerce,50.87,Management,0,MAT,66,58.3,Marketing & HR,50,59,50,Placed
F,63,CBSE,58,CBSE,Commerce,69,Commerce,0,CAT,63,69.12,Marketing & Finance,57,77,78,Placed
M,56,Others,42,ISC,Science,59,Computer Applications,2,,0,51.48,Marketing & Finance,50,53,55,Not Placed
M,44.4,Others,60.6,Others,Commerce,61,Management,0,K-MAT,63,56.98,Marketing & Finance,52,62,54,Placed
F,66.5,ICSE,58.8,Others,Science,57.8,Management,0,CAT,60,63.42,Marketing & HR,74,69,51,Placed
F,76,ICSE,82,ISC,Commerce,70.8,Commerce,1,,0,69.52,Marketing & Finance,69,74,71,Placed
F,71,Others,70,Others,Commerce,69,Management,2,MAT,80,67.69,Marketing & Finance,84,70,73,Placed
M,37,Others,53,Others,Commerce,60,Commerce,0,MAT,48,52.64,Marketing & IB,57,71,58,Placed
M,56,Others,57,Others,Commerce,59,Commerce,0,MAT,62,56.81,Marketing & Finance,50,73,50,Placed
M,82,Others,72,Others,Commerce,66,Commerce,0,MAT,26.53,60.39,Marketing & Finance,72,56,62,Placed
M,72,Others,49,Others,Commerce,47,Commerce,1,MAT,98,60.04,Marketing & Finance,50,60,62,Placed
M,44,CBSE,45,CBSE,Science,64,Management,0,MAT,97,53.39,Marketing & Finance,60,58,58,Not Placed
M,80.33,ICSE,75,Others,Commerce,55,Commerce,1,MAT,88.56,71.55,Marketing & Finance,74,77,54,Placed
M,49.3,Others,49,Others,Science,54,Commerce,0,K-MAT,64,56.45,Marketing & HR,58,66,69,Placed
F,46,CBSE,65,Others,Science,71,Management,0,MAT,92.66,62.92,Marketing & HR,55,71,82,Placed
M,60,ICSE,65,Others,Science,67,Arts,1,,0,55.4,Marketing & HR,50,67,50,Placed
M,54,CBSE,67,CBSE,Commerce,61,Management,0,MAT,67,56.49,Marketing & Finance,53,71,74,Placed
M,77.6,Others,79,Others,Commerce,75.6,Commerce,0,MAT,91,74.49,Marketing & Finance,85,85,83,Placed
